{
  "project_info": {
    "project_number": "118238141280",
    "firebase_url": "https://gohome-563f2.firebaseio.com",
    "project_id": "gohome-563f2",
    "storage_bucket": "gohome-563f2.appspot.com"
  },
  "client": [
    {
      "client_info": {
        "mobilesdk_app_id": "1:118238141280:android:135f83886a8a97ba",
        "android_client_info": {
          "package_name": "com.example.dndyd.sanhyeop_login"
        }
      },
      "oauth_client": [
        {
          "client_id": "118238141280-g2qnc76srflmsvtmfd5tnjf3p42oi43j.apps.googleusercontent.com",
          "client_type": 1,
          "android_info": {
            "package_name": "com.example.dndyd.sanhyeop_login",
            "certificate_hash": "23a6c02c5accda16cd9bb138f52954a18fab7aa1"
          }
        },
        {
          "client_id": "118238141280-uj05du4kdusvqqhovk6qu8785cfotkr3.apps.googleusercontent.com",
          "client_type": 3
        },
        {
          "client_id": "118238141280-uj05du4kdusvqqhovk6qu8785cfotkr3.apps.googleusercontent.com",
          "client_type": 3
        }
      ],
      "api_key": [
        {
          "current_key": "AIzaSyCQ3hujAwbeXXliQG7yxCbE8hNJEGpKXQs"
        }
      ],
      "services": {
        "analytics_service": {
          "status": 1
        },
        "appinvite_service": {
          "status": 2,
          "other_platform_oauth_client": [
            {
              "client_id": "118238141280-uj05du4kdusvqqhovk6qu8785cfotkr3.apps.googleusercontent.com",
              "client_type": 3
            }
          ]
        },
        "ads_service": {
          "status": 2
        }
      }
    },
    {
      "client_info": {
        "mobilesdk_app_id": "1:118238141280:android:2d585319eb300ad3",
        "android_client_info": {
          "package_name": "com.example.dndyd.sanhyeop_login_real"
        }
      },
      "oauth_client": [
        {
          "client_id": "118238141280-8ashlg8oeldnpcdgbu5u2es5h1ni7hur.apps.googleusercontent.com",
          "client_type": 1,
          "android_info": {
            "package_name": "com.example.dndyd.sanhyeop_login_real",
            "certificate_hash": "23a6c02c5accda16cd9bb138f52954a18fab7aa1"
          }
        },
        {
          "client_id": "118238141280-uj05du4kdusvqqhovk6qu8785cfotkr3.apps.googleusercontent.com",
          "client_type": 3
        },
        {
          "client_id": "118238141280-uj05du4kdusvqqhovk6qu8785cfotkr3.apps.googleusercontent.com",
          "client_type": 3
        }
      ],
      "api_key": [
        {
          "current_key": "AIzaSyCQ3hujAwbeXXliQG7yxCbE8hNJEGpKXQs"
        }
      ],
      "services": {
        "analytics_service": {
          "status": 1
        },
        "appinvite_service": {
          "status": 2,
          "other_platform_oauth_client": [
            {
              "client_id": "118238141280-uj05du4kdusvqqhovk6qu8785cfotkr3.apps.googleusercontent.com",
              "client_type": 3
            }
          ]
        },
        "ads_service": {
          "status": 2
        }
      }
    },
    {
      "client_info": {
        "mobilesdk_app_id": "1:118238141280:android:df2b1c76a3b12e7b",
        "android_client_info": {
          "package_name": "com.example.dndyd.shp_real"
        }
      },
      "oauth_client": [
        {
          "client_id": "118238141280-jhf225010rip4tveo1ldmvb35lcukf1f.apps.googleusercontent.com",
          "client_type": 1,
          "android_info": {
            "package_name": "com.example.dndyd.shp_real",
            "certificate_hash": "23a6c02c5accda16cd9bb138f52954a18fab7aa1"
          }
        },
        {
          "client_id": "118238141280-uj05du4kdusvqqhovk6qu8785cfotkr3.apps.googleusercontent.com",
          "client_type": 3
        },
        {
          "client_id": "118238141280-uj05du4kdusvqqhovk6qu8785cfotkr3.apps.googleusercontent.com",
          "client_type": 3
        }
      ],
      "api_key": [
        {
          "current_key": "AIzaSyCQ3hujAwbeXXliQG7yxCbE8hNJEGpKXQs"
        }
      ],
      "services": {
        "analytics_service": {
          "status": 1
        },
        "appinvite_service": {
          "status": 2,
          "other_platform_oauth_client": [
            {
              "client_id": "118238141280-uj05du4kdusvqqhovk6qu8785cfotkr3.apps.googleusercontent.com",
              "client_type": 3
            }
          ]
        },
        "ads_service": {
          "status": 2
        }
      }
    },
    {
      "client_info": {
        "mobilesdk_app_id": "1:118238141280:android:b45242942f7657a4",
        "android_client_info": {
          "package_name": "com.example.dndyd.tq"
        }
      },
      "oauth_client": [
        {
          "client_id": "118238141280-pn0sveg5bbf766p55igjod1hlum2bu49.apps.googleusercontent.com",
          "client_type": 1,
          "android_info": {
            "package_name": "com.example.dndyd.tq",
            "certificate_hash": "23a6c02c5accda16cd9bb138f52954a18fab7aa1"
          }
        },
        {
          "client_id": "118238141280-uj05du4kdusvqqhovk6qu8785cfotkr3.apps.googleusercontent.com",
          "client_type": 3
        },
        {
          "client_id": "118238141280-uj05du4kdusvqqhovk6qu8785cfotkr3.apps.googleusercontent.com",
          "client_type": 3
        }
      ],
      "api_key": [
        {
          "current_key": "AIzaSyCQ3hujAwbeXXliQG7yxCbE8hNJEGpKXQs"
        }
      ],
      "services": {
        "analytics_service": {
          "status": 1
        },
        "appinvite_service": {
          "status": 2,
          "other_platform_oauth_client": [
            {
              "client_id": "118238141280-uj05du4kdusvqqhovk6qu8785cfotkr3.apps.googleusercontent.com",
              "client_type": 3
            }
          ]
        },
        "ads_service": {
          "status": 2
        }
      }
    }
  ],
  "configuration_version": "1"
}